<menu version="1.0">
	<sceneAreas>
		<!-- Aerides -->
		<sceneArea>
			<name>aerides</name>
			<imageOnMap>aeridesMapIcon</imageOnMap>
			<labelTitle>
				<gr>Αέρηδες</gr>
				<en>Aerides</en>
			</labelTitle>
			<mapLabelPos>
				<x>30</x>
				<y>15</y>
			</mapLabelPos>
			<mapBtnSizePos>
				<x>65</x>
				<y>70</y>
				<z>-11</z>
				<w>0</w>
			</mapBtnSizePos>
			<periods>
				<!--				Roman-->
				<period>
					<poiName>Roman</poiName>
					<icon>period_romaiki</icon>
					<GpsCenter>
						<lat>37.974890</lat>
						<lon>23.726409</lon>
					</GpsCenter>
					<map>
						<file>mapRoman</file>
					</map>
					<mapFilter>
						<file>mapRomanFilter</file>
					</mapFilter>
					<mapFullPivot>
						<x>0.637</x>
						<y>0.385</y>
					</mapFullPivot>
					<mapFullPosition>
						<x>72</x>
						<y>-110</y>
					</mapFullPosition>
					<mapFullZoom>
						<x>850</x>
						<y>850</y>
					</mapFullZoom>
					<sceneName>romanMain</sceneName>
					<sceneKamera>null</sceneKamera>
					<loadingImage>loadRoman</loadingImage>
					<intro>
						<introNarrations>
							<introNarration>
								<file>
								</file>
								<pauseTime>0</pauseTime>
							</introNarration>
						</introNarrations>
						<introTexts>
							<introText>
								<gr>Παρακαλώ περιμένετε
Μεταφέρεστε στους Αέρηδες κατά τη ρωμαϊκή εποχή</gr>
								<en>Please wait
You are being transferred to Aerides during the roman period</en>
							</introText>
						</introTexts>
					</intro>
					<labelTitle>
						<gr>138 μ.Χ.</gr>
						<en>138 AD</en>
					</labelTitle>
				</period>
				<!--					Ottoman-->
				<period>
					<poiName>Aerides</poiName>
					<icon>period_othomaniki</icon>
					<GpsCenter>
						<lat>37.974374</lat>
						<lon>23.726337</lon>
					</GpsCenter>
					<map>
						<file>mapOttoman</file>
					</map>
					<mapFilter>
						<file>mapOttomanFilter</file>
					</mapFilter>
					<mapFullPivot>
						<x>0.605</x>
						<y>0.46</y>
					</mapFullPivot>
					<mapFullPosition>
						<x>60</x>
						<y>-65</y>
					</mapFullPosition>
					<mapFullZoom>
						<x>1024</x>
						<y>1024</y>
					</mapFullZoom>
					<sceneName>aeridesMain</sceneName>
					<sceneKamera>aeridesCamera</sceneKamera>
					<loadingImage>loadOttoman</loadingImage>
					<intro>
						<introNarrations>
							<introNarration>
								<file>
								</file>
								<pauseTime>0</pauseTime>
							</introNarration>
						</introNarrations>
						<introTexts>
							<introText>
								<gr>Παρακαλώ περιμένετε
Μεταφέρεστε στους Αέρηδες κατά την Οθωμανική περίοδο</gr>
								<en>Please wait
You are being transferred to Aerides during the Ottoman period</en>
							</introText>
						</introTexts>
					</intro>
					<labelTitle>
						<gr>1833 μ.Χ.</gr>
						<en>1833 AD</en>
					</labelTitle>
				</period>
			</periods>
		</sceneArea>
		<!--			Olympeion-->
		<sceneArea>
			<name>olympeion</name>
			<imageOnMap>aeridesMenu</imageOnMap>
			<labelTitle>
				<gr>Ολυμπιείο</gr>
				<en>Olympieion</en>
			</labelTitle>
			<mapLabelPos>
				<x>165</x>
				<y>-105</y>
			</mapLabelPos>
			<mapBtnSizePos>
				<x>69</x>
				<y>53</y>
				<z>133</z>
				<w>-148</w>
			</mapBtnSizePos>
			<periods>
				<period>
					<poiName>Olympeion</poiName>
					<icon>period_olympeion</icon>
					<GpsCenter>
						<lat>37.969389</lat>
						<lon>23.733107</lon>
					</GpsCenter>
					<map>
						<file>mapOlympeion</file>
					</map>
					<introAudio>
					</introAudio>
					<introPauseTime>0</introPauseTime>
					<mapFilter>
						<file>mapOlympeionFilter</file>
					</mapFilter>
					<mapFullPivot>
						<x>0.636</x>
						<y>0.442</y>
					</mapFullPivot>
					<mapFullPosition>
						<x>125</x>
						<y>-138</y>
					</mapFullPosition>
					<mapFullZoom>
						<x>1024</x>
						<y>1024</y>
					</mapFullZoom>
					<sceneName>olympeionMain</sceneName>
					<sceneKamera>null</sceneKamera>
					<loadingImage>loadOlympeion</loadingImage>
					<intro>
						<introNarrations>
							<introNarration>
								<file>
								</file>
								<pauseTime>0</pauseTime>
							</introNarration>
						</introNarrations>
						<introTexts>
							<introText>
								<gr>Παρακαλώ περιμένετε
Μεταφέρεστε στο Ολυμπιείο κατά τη ρωμαϊκή εποχή</gr>
								<en>Please wait
You are being transferred to Olympieion during the roman period</en>
							</introText>
						</introTexts>
					</intro>
					<labelTitle>
						<gr>131 μ.Χ.</gr>
						<en>131 AD</en>
					</labelTitle>
					<spotPositions>
						<spotPos>
							<x>18</x>
							<y>201</y>
							<z>23</z>
						</spotPos>
					</spotPositions>
				</period>
			</periods>
		</sceneArea>
		<!--			Klitys-->
		<sceneArea>
			<name>klitys</name>
			<imageOnMap>aeridesMenu</imageOnMap>
			<labelTitle>
				<gr>Νότια Κλιτύς</gr>
				<en>South Slope</en>
			</labelTitle>
			<mapLabelPos>
				<x>-100</x>
				<y>-125</y>
			</mapLabelPos>
			<mapBtnSizePos>
				<x>138</x>
				<y>40</y>
				<z>-9</z>
				<w>-126</w>
			</mapBtnSizePos>
			<periods>
				<period>
					<poiName>Klitys</poiName>
					<icon>period_notiaklitys</icon>
					<introAudio>
					</introAudio>
					<introPauseTime>0</introPauseTime>
					<GpsCenter>
						<lat>37.970182</lat>
						<lon>23.726021</lon>
					</GpsCenter>
					<map>
						<file>mapKlitys</file>
					</map>
					<mapFilter>
						<file>mapKlitysFilter</file>
					</mapFilter>
					<mapFullPivot>
						<x>0.685</x>
						<y>0.41</y>
					</mapFullPivot>
					<mapFullPosition>
						<x>197</x>
						<y>-109</y>
					</mapFullPosition>
					<mapFullZoom>
						<x>1024</x>
						<y>1024</y>
					</mapFullZoom>
					<sceneName>notiaKlitysMain</sceneName>
					<sceneKamera>null</sceneKamera>
					<loadingImage>loadKlitys</loadingImage>
					<intro>
						<introNarrations>
							<introNarration>
								<file>
								</file>
								<pauseTime>0</pauseTime>
							</introNarration>
						</introNarrations>
						<introTexts>
							<introText>
								<gr>Παρακαλώ περιμένετε
Μεταφέρεστε στη Νότια Κλιτύ της Ακρόπολης
κατά τη ρωμαϊκή εποχή</gr>
								<en>Please wait
You are being transferred to the South Slope of the Acropolis
during the roman period</en>
							</introText>
						</introTexts>
					</intro>
					<labelTitle>
						<gr>161 μ.Χ.</gr>
						<en>161 AD</en>
					</labelTitle>
					<spotPositions>
						<spotPos>
							<x>18</x>
							<y>201</y>
							<z>23</z>
						</spotPos>
					</spotPositions>
				</period>
			</periods>
		</sceneArea>
		<!--			Agora-->
		<sceneArea>
			<name>agora</name>
			<imageOnMap>aeridesMenu</imageOnMap>
			<labelTitle>
				<gr>Αρχαία Αγορά</gr>
				<en>Ancient Agora</en>
			</labelTitle>
			<mapLabelPos>
				<x>-105</x>
				<y>66</y>
			</mapLabelPos>
			<mapBtnSizePos>
				<x>86</x>
				<y>90</y>
				<z>-94</z>
				<w>9</w>
			</mapBtnSizePos>
			<periods>
				<period>
					<poiName>Agora</poiName>
					<icon>period_agora</icon>
					<introAudio>
					</introAudio>
					<introPauseTime>0</introPauseTime>
					<GpsCenter>
						<lat>37.974973</lat>
						<lon>23.722822</lon>
					</GpsCenter>
					<map>
						<file>mapAgora</file>
					</map>
					<mapFilter>
						<file>mapAgoraFilter</file>
					</mapFilter>
					<mapFullPivot>
						<x>0.25</x>
						<y>0.47</y>
					</mapFullPivot>
					<mapFullPosition>
						<x>-240</x>
						<y>-65</y>
					</mapFullPosition>
					<mapFullZoom>
						<x>900</x>
						<y>900</y>
					</mapFullZoom>
					<sceneName>agoraMain</sceneName>
					<sceneKamera>null</sceneKamera>
					<loadingImage>loadAgora</loadingImage>
					<intro>
						<introNarrations>
							<introNarration>
								<file>
								</file>
								<pauseTime>0</pauseTime>
							</introNarration>
						</introNarrations>
						<introTexts>
							<introText>
								<gr>Παρακαλώ περιμένετε
Μεταφέρεστε στην Αρχαία Αγορά Αθηνών κατά την κλασική εποχή</gr>
								<en>Please wait
You are being transferred to the Ancient Agora of Athens
during the classical period</en>
							</introText>
						</introTexts>
					</intro>
					<labelTitle>
						<gr>340 π.Χ.</gr>
						<en>340 BC</en>
					</labelTitle>
					<spotPositions>
						<spotPos>
							<x>18</x>
							<y>201</y>
							<z>23</z>
						</spotPos>
					</spotPositions>
				</period>
			</periods>
		</sceneArea>
		<!--			Kerameikos-->
		<sceneArea>
			<name>Kerameikos</name>
			<imageOnMap>aeridesMenu</imageOnMap>
			<labelTitle>
				<gr>Κεραμεικός</gr>
				<en>Kerameikos</en>
			</labelTitle>
			<mapLabelPos>
				<x>-190</x>
				<y>139</y>
			</mapLabelPos>
			<mapBtnSizePos>
				<x>53</x>
				<y>47</y>
				<z>-183</z>
				<w>98</w>
			</mapBtnSizePos>
			<periods>
				<period>
					<poiName>Kerameikos</poiName>
					<icon>period_kerameikos</icon>
					<introAudio>
					</introAudio>
					<introPauseTime>0</introPauseTime>
					<GpsCenter>
						<lat>37.978498</lat>
						<lon>23.718615</lon>
					</GpsCenter>
					<map>
						<file>mapKerameikos</file>
					</map>
					<mapFilter>
						<file>mapKerameikosFilter</file>
					</mapFilter>
					<mapFullPivot>
						<x>0.566</x>
						<y>0.568</y>
					</mapFullPivot>
					<mapFullPosition>
						<x>105</x>
						<y>-37</y>
					</mapFullPosition>
					<mapFullZoom>
						<x>1024</x>
						<y>1024</y>
					</mapFullZoom>
					<sceneName>kerameikosMain</sceneName>
					<sceneKamera>null</sceneKamera>
					<loadingImage>loadKerameikos</loadingImage>
					<intro>
						<introNarrations>
							<introNarration>
								<file>
								</file>
								<pauseTime>0</pauseTime>
							</introNarration>
						</introNarrations>
						<introTexts>
							<introText>
								<gr>Παρακαλώ περιμένετε
Μεταφέρεστε στον Κεραμεικό κατά την κλασική εποχή</gr>
								<en>Please wait
You are being transferred to Kerameikos during the classical period</en>
							</introText>
						</introTexts>
					</intro>
					<labelTitle>
						<gr>350 π.Χ.</gr>
						<en>350 BC</en>
					</labelTitle>
					<spotPositions>
						<spotPos>
							<x>18</x>
							<y>201</y>
							<z>23</z>
						</spotPos>
					</spotPositions>
				</period>
			</periods>
		</sceneArea>
		<!--			Akropolis-->
		<sceneArea>
			<name>Akropolis</name>
			<imageOnMap>aeridesMenu</imageOnMap>
			<labelTitle>
				<gr>Ακρόπολη</gr>
				<en>Acropolis</en>
			</labelTitle>
			<mapLabelPos>
				<x>20</x>
				<y>-60</y>
			</mapLabelPos>
			<mapBtnSizePos>
				<x>83.6</x>
				<y>36.9</y>
				<z>-8</z>
				<w>-82</w>
			</mapBtnSizePos>
			<periods>
				<period>
					<poiName>Akropolis</poiName>
					<icon>period_akropoli</icon>
					<introAudio>
					</introAudio>
					<introPauseTime>0</introPauseTime>
					<GpsCenter>
						<lat>37.971757</lat>
						<lon>23.726678</lon>
					</GpsCenter>
					<map>
						<file>mapAkropoli</file>
					</map>
					<mapFilter>
						<file>mapAkropoliFilter</file>
					</mapFilter>
					<mapFullPivot>
						<x>0.637</x>
						<y>0.465</y>
					</mapFullPivot>
					<mapFullPosition>
						<x>190</x>
						<y>-67</y>
					</mapFullPosition>
					<mapFullZoom>
						<x>1350</x>
						<y>1350</y>
					</mapFullZoom>
					<sceneName>akropolisMain</sceneName>
					<sceneKamera>null</sceneKamera>
					<loadingImage>loadAkropoli</loadingImage>
					<intro>
						<introNarrations>
							<introNarration>
								<file>
								</file>
								<pauseTime>0</pauseTime>
							</introNarration>
						</introNarrations>
						<introTexts>
							<introText>
								<gr>Παρακαλώ περιμένετε
Μεταφέρεστε στην Ακρόπολη κατά τη ρωμαϊκή εποχή</gr>
								<en>Please wait
You are being transferred to the Acropolis during the roman period</en>
							</introText>
						</introTexts>
					</intro>
					<labelTitle>
						<gr>52 μ.Χ.</gr>
						<en>52 AD</en>
					</labelTitle>
					<spotPositions>
						<spotPos>
							<x>18</x>
							<y>201</y>
							<z>23</z>
						</spotPos>
					</spotPositions>
				</period>
			</periods>
		</sceneArea>
	</sceneAreas>
</menu>